name,1,2,3,4,5,6,7,8,9,10,11,12,13,14,15,,,,,,,,,,,,
human,Herbert,Hans,Siegfried,Thomas,Henrik,Alf,Xander,Moritz,Tim,Max,Manuel,Markus,Matthias,Kurt,Peter,Abel,Bert,Bernd,Axel,Argeil,Torben,Marcel,Sebastian,Fredgar,Wolfgang,Ruprecht,Heinrich
human_second,Frank,Kraft,Himmler,Mueller,Smith,,,,,,,,,,,,,,,,,,,,,,
dwarf,Gloin,Oin,Ori,Nori,Bifur,Bombur,Balin,Dwalin,Thorin,Kili,Fili,Gimli,Dain,Bofur,Grimgor,Growulf,Bimbur,Torbrand,Grimbold,Umo,Dwabur,Dwarin,Dwari,Grimoin,Thorgroll,Bogroll,Bagroll
dwarf_second,Gloinson,Grollbeard,Longbeard,Whitebeard,Grimhammer,Stonewrath,Ironsmith,Goldsmith,,,,,,,,,,,,,,,,,,,
halfling,Merry,Pippin,Frodo,Sam,Dick,Lück,Sindi,Fauch,Käde,Nimbi,Filt,Ziddi,Pephans,Finlin,Finhans,Finhuhn,Marhans,Pepwinn,Tif,Töf,Tüf,Mup,Map,Mip,Bilbo,Peregrin,Merriadoc
halfling_second,Baggins,Bigfeet,Brandibock,Tuk,Gamdschie,,,,,,,,,,,,,,,,,,,,,,
elf,Legolas,Celebrimbor,Glorfindel,Elrond,Haldir,Inaran,Elrohir,Saldor,Eladan,Isil,Miier,Siendral,Midra,Lolad,Genlat,Sihir,Galanth,Yalen,Yahir,Silant,Gillad,Gilgalad,,,,,
elf_second,GreenLeaf,Mirkwood,Darkwood,Silverleaf,Longthorn,Leafkin,Longleaf,Silverthorn,,,,,,,,,,,,,,,,,,,
